{
    "linear_regression": {
        "rmse": 4.001439805164647,
        "mae": 3.041305590684575,
        "r2": 0.6902967135998924
    },
    "random_forest": {
        "rmse": 3.6759300480602866,
        "mae": 2.233318090600864,
        "r2": 0.7386348287322202
    },
    "gradient_boosting": {
        "rmse": 3.674167149404119,
        "mae": 2.4275472147124355,
        "r2": 0.7388854590857377
    }
}